그룹, 멤버, 해시태그
스트레이키즈, 현진, #현이도_먹어봐
스트레이키즈, 리노, #리노는_배고파
스트레이키즈, 방찬, #크리스_배고파용
스트레이키즈, 승민, #여기맛있승민
스트레이키즈, 한, #한이의한입거리
스트레이키즈, 아이엔, #아기빵_크림채워
스트레이키즈, 필릭스, #이_식당은_진심으로_하늘이에요
스트레이키즈, 창빈, #창빈이는_안보겠지ㅠ 
스트레이키즈, 리노, #리노야_여기_맛이_죽인다했어_진짜죽여 
엔하이픈,  성훈, #성훈이_입속으로_트리플악셀
엔하이픈,  선우, #선우도_가고싶어하는_맛집
엔하이픈,  희승, #희승아_라면말고_이건어때
엔하이픈,  희승, #당연함_이희승이먹어야함
엔하이픈,  니키, #니시무라_마니무라
엔하이픈,  정원, #정원이_볼살로_레쭈고
엔하이픈,  정원, #가든_맛집
엔하이픈,  제이, #오늘의_제이
엔하이픈,  제이크, #제이크_요기요
엔하이픈,  제이크, #제이크에게_메뉴추천
더보이즈, , #더보이즈_배고플땐언제든찾아와요
더보이즈, 선우, #김선우_맛있는걸내가놔둘리가
더보이즈, 뉴, #NewFoodShot
더보이즈, 뉴, #최찬희_요정은_밥심이다
더보이즈, 뉴, #그거먹고_배가찬희
더보이즈, 큐, #지창민_도토리대신
더보이즈, 큐, #배고파_큐ㅠㅠ
더보이즈, 큐, #지창민_떡볶이말고_이건_어때
더보이즈, 주연, #맛있겠짛_주연앟
더보이즈, 주연, #이주연_난늘배고파_베베
더보이즈, 영훈, #영훈아_밥좀많이먹어라
더보이즈, 영훈, #영훈아_빵빵하게_먹어
더보이즈, 상연, #여보세요_상연아_나_맛집이야_끊어
더보이즈, 상연, #상상그이상의_맛집
더보이즈, 케빈, #케빈_내밥의반을줄게
더보이즈, 케빈, #케빈문_설렐때만_맛집이니까
더보이즈, 현재, #현재야_치킨이닭
더보이즈, 현재, #이재현_치킨이다가아니야
더보이즈, 현재, #재현아_차츰공복이드리울테니
더보이즈, 제이콥, #콥이는_콥빼기로주세요
더보이즈, 에릭, #손영재_콧구멍커지겠지
더보이즈, 에릭, #아땡마랑_같이먹자
더보이즈, 주학년, #주학년_넌이미먹었겠지
몬스타엑스, , #몬베베가_몬베베에게_추천하는_맛집 
몬스타엑스, 셔누, #셔누_넌이미먹었겠지만또먹어야겠지
몬스타엑스, 셔누, #손현우_넌이미출발했겠지
몬스타엑스, 민혁, #민혁_너는이미북마크해놨겠지
몬스타엑스, 기현, #기현_너는맘마먹고다시시작하겠지
몬스타엑스, 형원, #채형원_너는세입도못먹겠지
몬스타엑스, 형원, #채형원_넌냄새로3일을버티겠지
몬스타엑스, 주헌, #주헌_너는한입가득못먹겠지
몬스타엑스, 주헌, #주헌이도_한꼬집해 
몬스타엑스, 주헌, #주헌아_잡솨_바바요 
몬스타엑스, 아이엠, #임창균_너는한끼뚝닭먹겠지 
에이티즈, , #우리배는_식도로만_가
에이티즈, , #에이티즈_우리배는_식도로만_가
에이티즈, , #이게바로_에이티즈의_맛인기라
에이티즈, 성화, #이타다끼_마쓰
에이티즈, 성화, #박성화_세입컷챌린지
에이티즈, 성화, #박성화_너는세입이면먹겠지
에이티즈, 성화, #박성화_이것좀_먹어보라고_성화
에이티즈, 홍중, #캡틴홍중의_다음_먹적지
에이티즈, 홍중, #김홍_중독될정도로맛있는집
에이티즈, 윤호, #정윤_호불어서먹어
에이티즈, 윤호, #정윤_호텔5성안부럽다
에이티즈, 윤호, #정윤_호텔5성뷔페안부럽다
에이티즈, 윤호, #윤둥아_이거_둥나맛있어
에이티즈, 윤호, #VJ_윤호특공대
에이티즈, 여상, #맛이여_상상이상
에이티즈, 여상, #강여_상당히맛있는집
에이티즈, 여상, #강여상_치킨말고_이것도_먹어봐
에이티즈, 산, #산맛집
에이티즈, 산, #산이미식회
에이티즈, 산, #여기도_먹어보산
에이티즈, 산, #오늘도_잘먹었산
에이티즈, 산, #최산을_다해_먹어봐요
에이티즈, 민기, #송민_기가막힌맛집
에이티즈, 우영, #맛있게_먹우영
에이티즈, 우영, #정우영_한입에_먹우영
에이티즈, 우영, #정우_영원히먹을수있는집
에이티즈, 종호, #쫑슐랭가이드
에이티즈, 종호, #찍먹보단쫑먹
에이티즈, 종호, #최종_호불호없는맛집
에이티즈, 종호, #최종호_먹어봐_최종보스_맛집
온앤오프, 제이어스, #이승준먹방대결 
온앤오프, 효진, #효진아두끼먹어 
온앤오프, 효진, #효진아같이찌자 
온앤오프, 이션, #이션같이찌자 
온앤오프, 엠케이, #민균아밥먹엉 
온앤오프, 와이엇, #재영입맛 
온앤오프, 엠케이, #민균이를위한야미푸드
빅톤, 최병찬, #병찬아_찜따_먹어봐 
빅톤, 최병찬, #병찬아_맛있는거_먹어주시술 
빅톤, 최병찬, #병찬이는없지만 
빅톤, 최병찬, #병찬이와함께 
빅톤, 강승식, #강승식단 
빅톤, 허찬, #진수허찬 
빅톤, 임세준, #임세준예의 
빅톤, 도한세, #한세진미 
방탄소년단, RM, #남준아여기째끼럽
방탄소년단, 진, #문득생각해석진이가이걸먹어봤을까
방탄소년단, 슈가, #머거스트디
방탄소년단, 제이홉, #야호바너이거먹어봤냐
방탄소년단, 지민, #지민이와_밥밥밥을먹어요
방탄소년단, 뷔, #뷔슐랭
방탄소년단, 정국, #정국아_같이먹짱
데이식스, Jae, #eaj_말구_eatj 
데이식스, 성진, #나는_너의_밥선생
데이식스, 영케이, #영현아_여기서도_7인분_어때
데이식스, 원필, #나나나나_원필이가_먹을래 
데이식스, 도운, #도운이_밥묵엇슴까 
엔시티, 태일, #먹태일기릿
엔시티, 태일, #먹태일_기릿 
엔시티, 태일, #JMTforTAEIL
엔시티, 태일, #태일아_먹어봐
엔시티, 쟈니, #먹어봤쟈니
엔시티, 쟈니, #맛있었쟈니
엔시티, 쟈니, #먹으러가쟈니
엔시티, 태용, #태용아_먹어보태용
엔시티, 태용, #존맛툥구리
엔시티, 유타, #체리모토랑_맛집_같이_하겠다
엔시티, 유타, #悠太_味확인맛집
엔시티, 유타, #유타_味확인맛집
엔시티, 쿤, #이거맛있쿤
엔시티, 쿤, #맛집사냥쿤
엔시티, 도영, #먹어봤도영
엔시티, 텐, #食中食_TEN
엔시티, 재현, #재혀니_맛있게머겅
엔시티, 윈윈, #먹으면_서로_윈윈
엔시티, 정우, #정우의_원데이씩스밀
엔시티, 정우, #원데이씩스밀
엔시티, 마크, #마크한테만공개
엔시티, 샤오쥔, #샤오쥔_광둥타코말고_이거먹어봐
엔시티, 샤오쥔, #덕준아_이세상엔_맛있는게많다
엔시티, 헨드리, #헨드리맛도리
엔시티, 헨드리, #헨드리_안먹으면_후회한드리
엔시티, 런쥔, #런쥔이_밥무거쒀
엔시티, 런쥔, #런쥔이의_맛집내비게이션
엔시티, 제노, #제노의_맛그당어
엔시티, 해찬, #먹다가_해찬이_생각이나신거예요
엔시티, 해찬, #확신해찬맛집
엔시티, 재민, #재민아_밥먹어
엔시티, 재민, #나나챌린지
엔시티, 재민, #NANAchallenge
엔시티, 양양, #양양아_념념하자
엔시티, 양양, #양양_먹어봐_얌얌
엔시티, 천러, #천러야_이거_먹기좋아
엔시티, 지성, #박지성_단1g도안줌
엔시티, 지성, #튼튼하게_먹지성
엔시티, 성찬, #성찬이의_진수성찬
엔시티, 쇼타로, #먹어봤_쇼타로
엔시티, 쇼타로, #타로야_버블티말고_이거
투모로우바이투게더, , #투모로우바이투게더_먹어봐
투모로우바이투게더, 연준, #최연준_맛집1등어디야
투모로우바이투게더, 연준, #연도먹_연준이도먹어
투모로우바이투게더, 연준, #연준아_여기_으악으엑
투모로우바이투게더, 수빈, #수빈아_먹어봐_마수리수리
투모로우바이투게더, 수빈, #숩첩반상점심
투모로우바이투게더, 범규, #범규야_제발_한입만_먹어봐
투모로우바이투게더, 태현, #태현아_한번_맛볼테리
투모로우바이투게더, 태현, #강이사님_드셔보세요
투모로우바이투게더, 휴닝카이, #휴닝이는_맛있는거_먹고심분딩
투모로우바이투게더, 휴닝카이, #휴닝이_배고파요
투모로우바이투게더, 휴닝카이, #휴닝아먹어봐_백퍼카이취향
세븐틴, 민규, #민규라고치고_디너쇼해도돼 
세븐틴, 정한, #정한아_마니머거여ㅎㅎ 
세븐틴, 승관, #믿고먹어boo세요
세븐틴, 원우, #원우야_여기_테이스티
세븐틴, 디노, #디노야_여기_케이밥의_미래 
세븐틴, 호시, #순영아_이거_맛있어 
세븐틴, 에스쿱스, #승철이_이거먹고_볼빵빵했꾸마 
세븐틴, 도겸, #도겸이도_도아할_맛집 
세븐틴, 우지, #우지를삼킬순없잖아
세븐틴, 준, #아니에요_준휘는_먹을거예요
세븐틴, 디에잇, #밍하오야_여기_헌하오츠
세븐틴, 디에잇, #THE_ATE
세븐틴, 조슈아, #조슈아_먹어보슈아 
세븐틴, 준, #준짜맛있어
세븐틴, 버논, #버논아_혹시여긴_맛집
베리베리, 용승, #용왕님_기미상궁_마쳤어용승 
베리베리, 연호, #여노야_밥은_먹고_다니니
베리베리, 계현, #계현_보장맛집
베리베리, 강민, #강민탐방
베리베리, 동헌, #허나아_밥먹자
베리베리, 강민, #kcal_플랙스
아스트로, , #This_is_eat
아스트로, MJ, #명준이_아가배_지킴단
아스트로, 진진, #진우야_이거다_이거맛있지누
아스트로, 차은우, #은우야_인누와_같이먹차
아스트로, 문빈, #빈아_운동및식단_포기했다
아스트로, 라키, #돌잔치_음식추천
아스트로, 윤산하, #로하_이거먹으러_왔따나
원어스, 레이븐, #레이븐이_가봐야할_이쁜_맛집 
원어스, 서호, #서호야_호호불어먹어 
원어스, 이도, #궈낙아_이거머궈봐 
원어스, 건희, #건희를_위한_추천맛집 
원어스, 환웅, #환웅아이거먹고사람될게 
원어스, 시온, #내동주고_사먹은_맛집후기
트레저, 최현석, #현석이_입맛이에
트레저, 지훈, #지훈아_여기가봐라
트레저, 요시, #욧집
트레저, 준규, #준규_메롱
트레저, 마시호, #마시호_여기가보시호
트레저, 윤재혁, #재혁아_바나나우유말고_이것도먹어봐
트레저, 윤재혁, #혁이나와라
트레저, 아사히, #사히맛집태그언제생겨
트레저, 방예담, #예담아_담아놔
트레저, 도영, #이야아마시따아도영아
트레저, 박정우, #정우야_여기_먹으러_꼭와
트레저, 하루토, #라마x3
트레저, 소정환, #정환아_여기맛있소
SF9, 영빈, #영빈아왜먹질못하니
SF9, 영빈, #밥사진은깜빡팼어요
SF9, 인성, #인성아나이거5분순삭
SF9, 인성, #인성오빠저이거먹어요
SF9, 인성, #인성아배고파 
SF9, 재윤, #저는잘먹을수있어요
SF9, 재윤, #완전정맛탱이야_정말맛있는탱
SF9, 재윤, #Jaeyoon_BSMR
SF9, 재윤, #재윤아_저는_잘_먹을_수_있어요
SF9, 재윤, #재윤아이거정맛탱 
SF9, 재윤, #재유나이거정맛탱
SF9, 재윤, #판타지_마시께_머거요
SF9, 재윤, #정맛탱
SF9, 재윤, #재윤아_내가_이겨버렸어
SF9, 재윤, #재윤따라밥으러옴
SF9, 재윤, #재유니와_맥주세모금
SF9, 재윤, #재윤이의_까자봉다리
SF9, 상혁, #얘두다나이거머금
SF9, 상혁, #상혀가이거머거바
SF9, 석우, #김석우_입으로_떼구르르
SF9, 주호, #함께먹어주호
SF9, 태양, #유태양_냠냠해
SF9, 태양, #태양아_이거어때_난좋은데
SF9, 영균, #영균아_먹어보지_않을래
SF9, 영균, #영균아_뭐라도_먹어봐
SF9, 영균, #영균아이것좀먹어봐
SF9, 영균, #영균아이거보면셀카올려줘
SF9, 찬희, #옴뇸뇸소리안나요
크래비티, 세림, #나_한입_세림이_세입
크래비티, 앨런, #앨런아_맛집으로_지금_당장_런
크래비티, 정모, #정모야_맛집_뒤집자
크래비티, 우빈, #우빈아_여기서우빈이_먹고픈거_다_머겅
크래비티, 원진, #원진아_함번만_먹어봐
크래비티, 민희, #미니미니미니_강쥐는먹으면안돼용
크래비티, 형준, #형준아_맛집으로_가실까요
크래비티, 성민, #성민이_입에_안성맞춤
크래비티, 태영, #태영이도_맛집_태워가영
위아이, 장대현, #대현아여기가맛있대현
위아이, 김동한, #동한이의_대동맛지도
위아이, 유용하, #이집알아두면유용하지
위아이, 김요한, #요한이를위해준비했어_욯술랭가이드
위아이, 강석화, #강냠냠_석화냠냠
위아이, 강석화, #석화의_포동이로_다_들어와
위아이, 김준서, #준서야_너는_뭐먹니 
위아이, 김준서, #준서한입_나한입
위아이, 김준서, #준서야_여기_준서서라도_머거야해
CIX, BX, #병곤아_이거_곤나맛있어
CIX, 현석, #현석아_이거_머거바니
CIX, 현석, #서기의_메뉴판
CIX, 현석, #윤현석_부럽지
CIX, 승훈, #승훙이도_훙입만
CIX, 용희, #먹어보세용_희희
CIX, BX, #곤_만나서_먹자
CIX, 배진영, #아강이_냐미냐미
CIX, 배진영, #지녕이의_맛집
펜타곤, , #펜타곤함께먹자 
레드벨벳, 아이린, #주현아맛있겠찌
레드벨벳, 슬기, #슬슐랭가이드
레드벨벳, 웬디, #오늘은웬디여기
레드벨벳, 조이, #수영아아줌마들잘먹지
레드벨벳, 예리, #누가_날_맛집으로_땡긴다악
블랙핑크, , #블랙핑크_맛집사거리 
블랙핑크, 제니, #제니야_여기젠나마싯다 
블랙핑크, 로제, #채영아_눈물나는맛이야 
블랙핑크, 지수, #지수야_여기츄라이츄라이 
블랙핑크, 리사, #리사에게_가장맛난걸로줘 
아이즈원, 권은비, #은비야_여기는_토끼도_출입가능
아이즈원, 미야와키 사쿠라, #꾸라의_냥냥쩝쩝
아이즈원, 강혜원, #혬슐랭_맛스타
아이즈원, 최예나, #예나야_여기_진챠_마싯따
아이즈원, 이채연, #채연이_입맛에_찹쌀이야
아이즈원, 김채원, #푸푸의맛집리스트
아이즈원, 김민주, #민주를_위한_밍슐랭가이드
아이즈원, 야부키 나코, #요정의맛집리스트
아이즈원, 혼다 히토미, #히토미_여기맛집_오바띠띠야
아이즈원, 조유리, #유리야_맛난거_무러가자
아이즈원, 장원영, #완전_장원영_스타일_아니냐구
아이즈원, 안유진, #유진아여기맛이쪼
에스파, , #맛집은_여기야_둘이_될_수_없어
에스파, , #맛집을_떠돌고_있어
에스파, 지젤, #지구에서여기가젤루맛있어
에스파, 닝닝, #닝닝아이거먹어봤닝
에스파, 닝닝, #맛있는거_다_닝이줘
에스파, 닝닝, #맛집_다_닝이줘
에스파, 윈터, #맛집을입력하세요
에스파, 카리나, #이맛집은신이에요 
에스파, 카리나, #이건_지민이를_위한_맛집인디
에스파, 카리나, #카리나예절
이달의소녀, 희진, #희진아_박차고_일어나_밥먹으렴 
이달의소녀, 여진, #키스는다음에식사는지금해 
이달의소녀, 비비, #정으니_드세요_맘대루 
이달의소녀, 진솔, #진도리배고파빨링 
이달의소녀, 최리, #정신못최리는맛집 
이달의소녀, 이브, #수영아이거먹어줘 
이달의소녀, 츄, #지우야_맛집은여기 
이달의소녀, 고원, #고원아_맛집가까 
이달의소녀, 올리비아 혜, #혜주_이거_먹어주 
스테이씨, 수민, #수민아이거먹어 
스테이씨, 수민, #수민아_이거먹어
스테이씨, 시은, #짱싱니_에너지_충전
스테이씨, 시은, #시은이의꿀맛보장
스테이씨, 아이사, #아이사장님뭘좀아네
스테이씨, 세은, #맛집이세은
스테이씨, 윤, #맛집이윤
스테이씨, 재이, #재이야여기짱맛있어
샤이니, 종현, #종현이가_맛있는거_먹는게_좋아
샤이니, KEY, #기범아_기요미들이_추천하는_맛집
샤이니, 민호, #민호야_밥_잘챙겨_먹기
샤이니, 민호, #민호와_미래투어
샤이니, 태민, #태민_DO_EAT_BABY
샤이니, 태민, #태민아_맛집_보고드립니다
엑소, 백현, #백현이를_위한_레시피_공유  
엑소, 백현, #백현아_먹짱일기_적짱 
엑소, 백현, #백현이를_위한_맛집투어 
엑소, 카이, #종인아잘먹을게 
엑소, 카이, #종인아또나만먹는거지 
엑소, 디오, #경수야_여기가_맛집이디오 
엑소, 시우민, #민석이를_위한_카페투어
, 강다니엘, #강다니엘_염염긋 
, 조승연, #승연아_우즈야_여기야 
, 임영웅, #영웅씨_아닌데요맛집인데요 
, 임영웅, #맛집시대_영웅 
뉴이스트, 황민현, #황제를위한메뉴판 