아이디,비밀번호
person0,pswd0
person1,pswd1
person2,pswd2
person3,pswd3
person4,pswd4
person5,pswd5
person6,pswd6
person7,pswd7
person8,pswd8
person9,pswd9
person10,pswd10
person11,pswd11
person12,pswd12
person13,pswd13
person14,pswd14
person15,pswd15
person16,pswd16
person17,pswd17
person18,pswd18
person19,pswd19
person20,pswd20
person21,pswd21
person22,pswd22
person23,pswd23
person24,pswd24
person25,pswd25
person26,pswd26
person27,pswd27
person28,pswd28
person29,pswd29
person30,pswd30
person31,pswd31
person32,pswd32
person33,pswd33
person34,pswd34
person35,pswd35
person36,pswd36
person37,pswd37
person38,pswd38
person39,pswd39
person40,pswd40
person41,pswd41
person42,pswd42
person43,pswd43
person44,pswd44
person45,pswd45
person46,pswd46
person47,pswd47
person48,pswd48
person49,pswd49
person50,pswd50
person51,pswd51
person52,pswd52
person53,pswd53
person54,pswd54
person55,pswd55
person56,pswd56
person57,pswd57
person58,pswd58
person59,pswd59
person60,pswd60
person61,pswd61
person62,pswd62
person63,pswd63
person64,pswd64
person65,pswd65
person66,pswd66
person67,pswd67
person68,pswd68
person69,pswd69
person70,pswd70
person71,pswd71
person72,pswd72
person73,pswd73
person74,pswd74
person75,pswd75
person76,pswd76
person77,pswd77
person78,pswd78
person79,pswd79
person80,pswd80
person81,pswd81
person82,pswd82
person83,pswd83
person84,pswd84
person85,pswd85
person86,pswd86
person87,pswd87
person88,pswd88
person89,pswd89
person90,pswd90
person91,pswd91
person92,pswd92
person93,pswd93
person94,pswd94
person95,pswd95
person96,pswd96
person97,pswd97
person98,pswd98
person99,pswd99
